row-number,field,issue-type,value
2,entry-date,default,2021-05-27
3,entry-date,default,2021-05-27
4,entry-date,default,2021-05-27
6,entry-date,default,2021-05-27
8,entry-date,default,2021-05-27
9,entry-date,default,2021-05-27
10,entry-date,default,2021-05-27
11,entry-date,default,2021-05-27
12,entry-date,default,2021-05-27
14,entry-date,default,2021-05-27
15,entry-date,default,2021-05-27
16,entry-date,default,2021-05-27
17,entry-date,default,2021-05-27
18,entry-date,default,2021-05-27
19,entry-date,default,2021-05-27
20,entry-date,default,2021-05-27
21,entry-date,default,2021-05-27
22,entry-date,default,2021-05-27
23,entry-date,default,2021-05-27
24,entry-date,default,2021-05-27
25,entry-date,default,2021-05-27
26,entry-date,default,2021-05-27
27,entry-date,default,2021-05-27
28,entry-date,default,2021-05-27
30,entry-date,default,2021-05-27
31,entry-date,default,2021-05-27
32,entry-date,default,2021-05-27
33,entry-date,default,2021-05-27
35,entry-date,default,2021-05-27
36,entry-date,default,2021-05-27
37,entry-date,default,2021-05-27
38,entry-date,default,2021-05-27
39,entry-date,default,2021-05-27
42,entry-date,default,2021-05-27
43,entry-date,default,2021-05-27
44,entry-date,default,2021-05-27
45,entry-date,default,2021-05-27
46,entry-date,default,2021-05-27
47,entry-date,default,2021-05-27
